,排名,排名变化,高校名称,高校类型,高校条件,所在地,综合分数,办学层次,学科水平,办学资源,师资规模与结构,人才培养,科学研究,服务社会,学术人才,重大项目与成果,国际竞争力
0,1,0.0,清华大学,综合,"['一流大学A类', '985', '211']",北京,969.2,37.9,74.3,39.4,48.7,343.0,88.0,37.9,90.8,129.1,80.1
1,2,0.0,北京大学,综合,"['一流大学A类', '985', '211']",北京,855.3,36.1,72.9,25.9,49.2,315.7,88.0,12.8,92.6,102.9,59.2
2,3,0.0,浙江大学,综合,"['一流大学A类', '985', '211']",浙江,768.7,34.3,65.4,21.8,47.7,285.7,91.4,32.2,67.7,79.4,42.9
3,4,0.0,上海交通大学,综合,"['一流大学A类', '985', '211']",上海,723.4,35.5,53.1,21.6,44.9,260.0,98.2,18.8,65.1,86.8,39.2
4,5,0.0,南京大学,综合,"['一流大学A类', '985', '211']",江苏,654.8,35.1,47.9,10.8,48.1,272.0,72.4,4.9,61.2,72.0,30.4
5,6,0.0,复旦大学,综合,"['一流大学A类', '985', '211']",上海,649.7,36.6,48.4,16.6,46.2,255.8,78.6,4.8,65.0,60.1,37.6
6,7,0.0,中国科学技术大学,理工,"['一流大学A类', '985', '211']",安徽,577.0,40.0,37.7,11.9,45.9,232.1,61.4,0.8,58.6,46.6,42.1
7,8,0.0,华中科技大学,综合,"['一流大学A类', '985', '211']",湖北,574.3,32.1,44.7,11.3,45.2,232.2,74.2,22.9,35.2,45.2,31.3
8,9,0.0,武汉大学,综合,"['一流大学A类', '985', '211']",湖北,567.9,31.8,49.6,10.4,45.7,255.4,61.7,9.5,35.0,43.0,25.7
9,10,1.0,西安交通大学,综合,"['一流大学A类', '985', '211']",陕西,537.9,34.5,40.3,11.2,44.1,243.7,56.9,10.0,26.2,46.5,24.6
10,11,1.0,哈尔滨工业大学,理工,"['一流大学A类', '985', '211']",黑龙江,522.6,32.7,37.7,5.8,47.0,228.7,51.9,33.5,23.7,35.8,25.8
11,12,-2.0,中山大学,综合,"['一流大学A类', '985', '211']",广东,519.3,30.9,46.7,13.7,48.3,194.6,74.0,8.4,37.8,31.4,33.3
12,13,1.0,北京师范大学,师范,"['一流大学A类', '985', '211']",北京,518.3,34.8,42.3,13.4,47.6,215.1,47.4,16.1,33.2,39.0,29.4
13,14,2.0,四川大学,综合,"['一流大学A类', '985', '211']",四川,516.6,30.7,46.0,9.2,43.0,217.0,64.7,19.7,28.0,35.4,23.1
14,15,-2.0,北京航空航天大学,理工,"['一流大学A类', '985', '211']",北京,513.8,32.8,33.9,11.1,42.6,221.4,46.1,20.7,26.7,54.7,23.8
15,16,-1.0,同济大学,理工,"['一流大学A类', '985', '211']",上海,508.3,33.2,40.3,12.2,43.9,221.0,58.9,12.5,29.1,35.0,22.1
16,17,0.0,东南大学,综合,"['一流大学A类', '985', '211']",江苏,488.1,34.3,37.7,12.4,44.5,223.0,44.8,9.1,20.1,36.2,25.8
17,18,0.0,中国人民大学,综合,"['一流大学A类', '985', '211']",北京,487.8,34.5,42.1,10.3,46.2,224.6,39.9,0.2,31.8,42.6,15.8
18,19,1.0,北京理工大学,理工,"['一流大学A类', '985', '211']",北京,474.0,32.3,30.6,11.3,43.8,206.4,37.9,28.0,19.2,40.5,24.0
19,20,-1.0,南开大学,综合,"['一流大学A类', '985', '211']",天津,465.3,31.5,35.2,9.2,45.5,216.0,44.3,2.4,29.1,27.3,24.9
20,21,1.0,山东大学,综合,"['一流大学A类', '985', '211']",山东,447.0,28.8,39.5,9.6,44.5,205.9,50.6,4.3,20.5,21.7,21.6
21,22,-1.0,天津大学,理工,"['一流大学A类', '985', '211']",天津,444.3,32.7,33.5,8.5,45.2,198.1,45.0,13.4,22.7,23.4,21.8
22,23,3.0,中南大学,综合,"['一流大学A类', '985', '211']",湖南,442.2,30.8,37.9,7.3,42.3,186.9,55.5,16.7,16.3,24.6,24.0
23,24,0.0,吉林大学,综合,"['一流大学A类', '985', '211']",吉林,435.7,30.4,42.2,9.0,50.5,203.0,46.8,4.1,13.6,17.2,18.8
24,25,3.0,西北工业大学,理工,"['一流大学A类', '985', '211']",陕西,430.5,32.4,25.6,11.6,47.0,199.5,43.2,14.6,12.9,21.2,22.5
25,26,-3.0,厦门大学,综合,"['一流大学A类', '985', '211']",福建,427.8,32.7,36.7,9.4,41.6,184.6,46.5,4.8,25.3,23.1,23.1
26,27,-2.0,华南理工大学,理工,"['一流大学A类', '985', '211']",广东,419.8,30.5,33.7,9.4,42.7,183.1,41.7,12.1,18.5,21.9,26.3
27,28,-1.0,大连理工大学,理工,"['一流大学A类', '985', '211']",辽宁,418.2,30.2,31.0,6.4,42.9,190.5,42.9,9.0,16.4,32.2,16.8
28,29,0.0,华东师范大学,师范,"['一流大学A类', '985', '211']",上海,401.8,35.2,34.4,8.0,43.1,170.8,41.2,2.9,23.2,24.0,18.8
29,30,0.0,中国农业大学,农业,"['一流大学A类', '985', '211']",北京,400.4,31.8,34.7,7.8,45.0,161.1,38.4,6.6,22.2,34.9,18.0
30,31,1.0,电子科技大学,理工,"['一流大学A类', '985', '211']",四川,398.8,32.4,24.2,7.4,40.8,196.0,29.7,4.4,17.0,20.5,26.5
31,32,-1.0,湖南大学,综合,"['一流大学B类', '985', '211']",湖南,393.5,31.4,29.4,5.8,39.5,176.6,35.7,9.3,16.8,22.6,26.4
32,33,0.0,北京科技大学,理工,"['一流学科', '211']",北京,379.4,32.2,23.8,6.1,41.0,180.5,34.1,13.9,12.1,19.0,16.8
33,34,0.0,重庆大学,综合,"['一流大学A类', '985', '211']",重庆,365.5,29.9,30.9,7.3,40.6,165.3,38.8,10.6,10.8,13.6,17.7
34,35,0.0,南京航空航天大学,理工,"['一流学科', '211']",江苏,358.6,28.6,22.9,3.3,40.3,185.7,28.0,11.3,10.9,13.7,13.9
35,36,1.0,东北大学,理工,"['一流大学B类', '985', '211']",辽宁,356.1,32.2,26.0,5.8,38.1,172.8,32.3,11.5,10.1,14.9,12.3
36,37,-1.0,南京理工大学,理工,"['一流学科', '211']",江苏,356.0,30.9,24.2,3.2,40.0,173.5,26.5,14.3,8.3,18.9,16.2
37,38,3.0,西安电子科技大学,理工,"['一流学科', '211']",陕西,355.1,30.2,19.4,5.2,37.6,178.9,27.5,19.4,6.8,17.0,13.0
38,39,1.0,兰州大学,综合,"['一流大学A类', '985', '211']",甘肃,353.4,30.6,27.8,5.7,37.5,168.2,33.8,3.1,12.4,18.9,15.3
39,40,3.0,北京交通大学,理工,"['一流学科', '211']",北京,349.9,32.0,26.3,6.2,39.7,170.7,26.3,10.0,8.6,16.2,13.8
40,41,5.0,南方科技大学,综合,[],广东,345.8,28.9,9.5,19.5,46.7,127.9,36.1,5.2,44.8,8.5,18.6
41,42,-3.0,华中农业大学,农业,"['一流学科', '211']",湖北,338.5,28.5,27.4,4.8,38.0,156.5,34.0,1.5,14.5,17.1,16.0
42,43,2.0,上海大学,综合,"['一流学科', '211']",上海,333.0,31.7,26.6,6.5,37.9,147.7,27.6,7.9,12.5,15.1,19.5
43,44,-6.0,苏州大学,综合,"['一流学科', '211']",江苏,327.0,28.7,31.2,5.8,41.2,120.0,33.2,8.1,14.4,16.8,27.8
44,45,-3.0,华东理工大学,理工,"['一流学科', '211']",上海,324.5,29.7,20.2,5.5,39.3,149.8,29.7,7.5,13.1,13.6,16.0
45,46,-2.0,华中师范大学,师范,"['一流学科', '211']",湖北,322.0,30.6,26.0,5.0,37.9,149.8,28.8,0.2,11.7,12.8,19.3
46,47,3.0,南京师范大学,师范,"['一流学科', '211']",江苏,321.3,29.5,26.0,3.9,38.6,158.4,23.7,2.3,10.9,12.9,15.1
47,48,6.0,中国地质大学（武汉）,理工,"['一流学科', '211']",湖北,320.2,29.9,23.7,5.0,39.5,146.6,25.6,13.9,10.9,8.5,16.8
48,49,7.0,东北师范大学,师范,"['一流学科', '211']",吉林,319.7,33.1,25.2,4.3,38.2,155.9,28.4,0.8,8.9,13.2,11.7
49,50,1.0,哈尔滨工程大学,理工,"['一流学科', '211']",黑龙江,319.0,29.3,19.8,3.8,36.9,166.4,24.8,13.6,5.1,7.3,12.1
50,51,2.0,西南交通大学,理工,"['一流学科', '211']",四川,318.0,28.7,23.8,5.9,34.0,165.2,24.1,6.7,6.5,12.1,11.2
51,52,-5.0,南京农业大学,农业,"['一流学科', '211']",江苏,316.1,29.2,26.9,4.2,38.5,134.9,30.7,3.2,13.3,19.7,15.6
52,53,30.0,郑州大学,综合,"['一流大学B类', '211']",河南,312.8,26.3,28.6,9.6,37.1,153.3,29.8,1.6,5.6,5.1,15.7
53,54,1.0,北京邮电大学,理工,"['一流学科', '211']",北京,312.5,30.8,17.7,4.9,35.8,165.5,18.3,3.0,8.0,15.6,12.8
54,55,-3.0,武汉理工大学,理工,"['一流学科', '211']",湖北,312.2,28.0,22.7,5.4,38.6,158.2,21.3,5.7,5.2,7.1,20.0
55,56,-7.0,中国海洋大学,综合,"['一流大学A类', '985', '211']",山东,311.0,30.3,24.9,5.2,39.8,136.6,28.0,2.6,12.0,18.1,13.5
56,57,-9.0,暨南大学,综合,"['一流学科', '211']",广东,307.4,29.1,26.1,5.7,38.2,120.0,35.6,1.7,16.6,16.1,18.4
57,58,-1.0,中国石油大学（北京）,理工,"['一流学科', '211']",北京,307.3,32.5,19.7,5.2,38.3,132.4,24.2,10.5,9.0,21.3,14.1
58,59,4.0,北京工业大学,理工,"['一流学科', '211']",北京,306.0,30.0,21.9,6.1,39.6,151.7,20.5,8.1,8.2,8.2,11.7
59,60,-2.0,河海大学,理工,"['一流学科', '211']",江苏,303.4,31.3,22.8,3.7,35.9,140.8,24.6,7.3,7.5,16.9,12.6
60,61,-1.0,中国矿业大学,理工,"['一流学科', '211']",江苏,301.6,28.3,24.9,3.6,38.8,141.7,23.1,8.1,5.9,13.3,13.8
61,62,2.0,北京化工大学,理工,"['一流学科', '211']",北京,296.7,28.2,16.1,4.6,36.6,147.1,21.8,5.1,11.7,7.9,17.6
62,63,7.0,中国地质大学（北京）,理工,"['一流学科', '211']",北京,295.5,32.7,19.5,3.9,37.6,141.8,20.0,3.9,10.2,12.1,13.9
63,64,-3.0,西北大学,综合,"['一流学科', '211']",陕西,293.0,25.6,23.1,3.6,38.0,148.9,25.0,1.1,8.5,7.2,12.0
64,65,-6.0,江南大学,综合,"['一流学科', '211']",江苏,292.9,27.4,20.9,4.6,38.1,131.8,22.8,10.1,9.2,16.0,12.0
65,66,-4.0,上海科技大学,综合,[],上海,288.7,33.4,6.0,22.7,44.2,132.7,13.3,0.0,15.2,3.2,18.0
66,67,7.0,中国石油大学（华东）,理工,"['一流学科', '211']",山东,287.4,27.6,20.9,5.4,35.6,147.0,17.1,7.3,5.0,8.7,13.0
67,68,-2.0,西南大学,综合,"['一流学科', '211']",重庆,286.5,26.4,28.0,5.8,37.6,131.2,26.8,2.1,7.4,8.1,13.2
68,69,2.0,中国矿业大学（北京）,理工,"['一流学科', '211']",北京,285.5,31.2,20.3,3.4,36.5,123.9,16.6,10.9,6.7,27.1,8.9
69,70,-5.0,深圳大学,综合,[],广东,280.4,25.5,22.7,10.4,37.4,107.8,32.1,3.9,11.1,6.8,22.6
70,71,8.0,陕西师范大学,师范,"['一流学科', '211']",陕西,280.1,33.2,21.8,4.3,37.8,131.0,23.1,0.5,8.0,7.4,13.2
71,72,0.0,江苏大学,综合,[],江苏,276.9,26.5,21.8,3.6,38.2,127.5,21.3,8.7,3.7,8.9,16.7
72,73,8.0,浙江工业大学,理工,[],浙江,275.6,27.6,19.3,3.0,29.5,142.5,22.8,5.5,5.7,5.8,13.9
73,74,3.0,北京林业大学,林业,"['一流学科', '211']",北京,275.0,28.5,18.2,3.4,39.2,138.3,19.4,2.6,5.4,10.5,9.5
74,75,-8.0,华南师范大学,师范,"['一流学科', '211']",广东,274.7,27.4,23.4,6.6,37.3,124.6,20.3,3.7,9.2,9.5,12.9
75,76,-8.0,西北农林科技大学,农业,"['一流大学B类', '985', '211']",陕西,273.7,27.9,17.9,5.3,40.0,130.2,24.6,1.6,7.0,5.6,13.5
76,77,-8.0,扬州大学,综合,[],江苏,269.5,25.9,22.8,4.1,36.3,125.1,19.6,3.6,5.1,11.7,15.2
77,78,9.0,南昌大学,综合,"['一流学科', '211']",江西,268.9,27.3,21.1,3.5,32.2,140.8,18.3,0.3,3.7,7.3,14.3
78,79,-3.0,福州大学,理工,"['一流学科', '211']",福建,267.7,28.6,18.6,3.3,35.0,130.8,22.4,5.5,5.4,1.5,16.6
79,80,0.0,华北电力大学,理工,"['一流学科', '211']",北京,263.2,27.1,16.2,4.0,35.0,129.5,17.4,8.7,5.1,6.5,13.6
80,81,-8.0,东华大学,理工,"['一流学科', '211']",上海,262.8,28.9,17.4,3.7,37.8,126.7,17.4,5.3,6.3,4.5,14.9
81,82,-4.0,合肥工业大学,理工,"['一流学科', '211']",安徽,262.7,26.2,21.3,3.8,36.6,132.7,20.3,2.6,4.3,3.3,11.5
82,83,1.0,云南大学,综合,"['一流大学B类', '211']",云南,262.1,29.5,23.0,4.6,31.6,128.2,18.3,0.3,7.9,6.8,11.9
83,84,-9.0,宁波大学,综合,['一流学科'],浙江,261.4,27.7,15.4,4.7,37.4,132.7,18.6,1.4,4.6,5.6,13.3
84,85,0.0,首都师范大学,师范,['一流学科'],北京,261.1,29.9,23.1,5.5,38.4,120.4,16.8,0.2,8.0,7.0,11.8
85,86,-1.0,湖南师范大学,师范,"['一流学科', '211']",湖南,259.6,27.9,20.6,3.0,35.2,126.2,19.8,0.3,7.6,7.3,11.7
86,87,-5.0,南京工业大学,理工,[],江苏,259.5,25.7,14.1,3.7,33.4,123.9,17.6,7.7,6.5,11.3,15.7
87,88,3.0,长安大学,理工,"['一流学科', '211']",陕西,250.2,28.1,12.7,4.1,39.8,125.7,16.4,10.3,2.0,1.2,9.8
88,89,13.0,福建师范大学,师范,[],福建,248.2,27.0,22.0,3.5,30.6,126.3,15.9,1.0,5.8,5.0,11.2
89,90,0.0,安徽大学,综合,"['一流学科', '211']",安徽,243.1,26.0,19.3,3.3,31.0,128.0,17.1,0.9,3.8,3.3,10.4
90,91,2.0,南京信息工程大学,理工,['一流学科'],江苏,240.9,23.5,15.8,3.0,36.4,117.2,16.3,1.9,6.4,3.4,16.9
91,92,-3.0,上海理工大学,理工,[],上海,240.7,28.7,15.7,3.4,33.3,125.3,13.5,6.8,2.5,1.4,10.1
92,93,-5.0,华南农业大学,农业,[],广东,238.3,23.4,18.0,4.6,34.4,109.0,18.5,1.7,5.6,9.9,13.2
93,94,7.0,广西大学,综合,"['一流学科', '211']",广西,237.0,27.3,18.3,4.4,35.3,113.3,15.2,2.6,4.2,5.3,11.1
94,95,1.0,南京邮电大学,理工,['一流学科'],江苏,235.7,25.5,12.6,2.2,34.8,121.0,15.6,2.7,2.9,4.6,13.8
95,95,-3.0,燕山大学,理工,[],河北,235.7,26.7,15.5,2.7,33.8,125.8,14.2,1.7,3.2,4.0,8.1
96,97,0.0,河南大学,综合,['一流学科'],河南,234.6,24.6,22.6,3.5,33.7,109.0,19.2,2.1,3.9,4.0,12.0
97,98,-4.0,湖北大学,综合,[],湖北,232.9,23.7,14.4,2.8,35.5,120.3,12.1,5.6,3.1,3.5,11.9
98,99,1.0,广州大学,综合,[],广东,232.7,23.9,16.9,5.8,37.6,98.8,18.1,4.3,6.4,5.4,15.6
99,100,8.0,青岛大学,综合,[],山东,231.4,25.2,20.4,2.6,33.4,111.3,16.6,1.1,4.3,2.7,13.8
100,101,2.0,湘潭大学,综合,[],湖南,229.9,,,,,,,,,,
101,102,-7.0,广东工业大学,理工,[],广东,229.6,,,,,,,,,,
102,103,1.0,浙江师范大学,师范,[],浙江,229.2,,,,,,,,,,
103,104,5.0,大连海事大学,理工,"['一流学科', '211']",辽宁,228.4,,,,,,,,,,
104,105,-7.0,上海师范大学,师范,[],上海,227.3,,,,,,,,,,
105,106,-7.0,杭州电子科技大学,理工,[],浙江,226.9,,,,,,,,,,
106,107,7.0,武汉科技大学,理工,[],湖北,226.6,,,,,,,,,,
107,108,7.0,南京林业大学,林业,['一流学科'],江苏,225.3,,,,,,,,,,
108,109,-3.0,河北工业大学,理工,"['一流学科', '211']",天津,223.8,,,,,,,,,,
109,109,-4.0,山东师范大学,师范,[],山东,223.8,,,,,,,,,,
110,111,0.0,浙江理工大学,理工,[],浙江,221.8,,,,,,,,,,
111,112,4.0,山西大学,综合,[],山西,221.0,,,,,,,,,,
112,113,-1.0,太原理工大学,理工,"['一流学科', '211']",山西,219.8,,,,,,,,,,
113,114,3.0,东北林业大学,林业,"['一流学科', '211']",黑龙江,218.9,,,,,,,,,,
114,115,-8.0,河北大学,综合,[],河北,217.0,,,,,,,,,,
115,116,-4.0,东北农业大学,农业,"['一流学科', '211']",黑龙江,216.3,,,,,,,,,,
116,117,8.0,江西师范大学,师范,[],江西,215.5,,,,,,,,,,
117,117,15.0,西安建筑科技大学,理工,[],陕西,215.5,,,,,,,,,,
118,119,-10.0,杭州师范大学,师范,[],浙江,215.2,,,,,,,,,,
119,120,3.0,内蒙古大学,综合,"['一流学科', '211']",内蒙古,214.9,,,,,,,,,,
120,121,-1.0,福建农林大学,农业,[],福建,214.0,,,,,,,,,,
121,122,-1.0,江苏师范大学,师范,[],江苏,213.4,,,,,,,,,,
122,123,5.0,西安理工大学,理工,[],陕西,213.2,,,,,,,,,,
123,124,-5.0,辽宁大学,综合,"['一流学科', '211']",辽宁,212.6,,,,,,,,,,
124,125,-7.0,北京建筑大学,理工,[],北京,210.8,,,,,,,,,,
125,126,10.0,安徽师范大学,师范,[],安徽,210.5,,,,,,,,,,
126,127,16.0,河南师范大学,师范,[],河南,210.4,,,,,,,,,,
127,128,-2.0,长沙理工大学,理工,[],湖南,209.5,,,,,,,,,,
128,129,-2.0,昆明理工大学,理工,[],云南,206.7,,,,,,,,,,
129,129,24.0,新疆大学,综合,"['一流大学B类', '211']",新疆,206.7,,,,,,,,,,
130,131,-7.0,汕头大学,综合,[],广东,206.4,,,,,,,,,,
131,132,1.0,西南石油大学,理工,['一流学科'],四川,206.0,,,,,,,,,,
132,133,16.0,山东科技大学,综合,[],山东,204.5,,,,,,,,,,
133,134,21.0,河南农业大学,农业,[],河南,204.3,,,,,,,,,,
134,135,-1.0,贵州大学,综合,"['一流学科', '211']",贵州,201.7,,,,,,,,,,
135,136,-14.0,华侨大学,综合,[],福建,201.4,,,,,,,,,,
136,137,-2.0,河北师范大学,师范,[],河北,201.1,,,,,,,,,,
137,138,-8.0,黑龙江大学,综合,[],黑龙江,201.0,,,,,,,,,,
138,138,0.0,中国计量大学,理工,[],浙江,201.0,,,,,,,,,,
139,140,21.0,陕西科技大学,理工,[],陕西,198.6,,,,,,,,,,
140,141,42.0,沈阳农业大学,农业,[],辽宁,196.8,,,,,,,,,,
141,142,3.0,天津师范大学,师范,[],天津,196.5,,,,,,,,,,
142,143,-13.0,湖北工业大学,理工,[],湖北,196.3,,,,,,,,,,
143,144,4.0,海南大学,综合,"['一流学科', '211']",海南,196.2,,,,,,,,,,
144,145,-6.0,济南大学,综合,[],山东,195.4,,,,,,,,,,
145,146,20.0,山东农业大学,农业,[],山东,194.7,,,,,,,,,,
146,147,-18.0,常州大学,理工,[],江苏,194.6,,,,,,,,,,
147,147,-3.0,温州大学,综合,[],浙江,194.6,,,,,,,,,,
148,149,-12.0,重庆邮电大学,理工,[],重庆,193.7,,,,,,,,,,
149,150,31.0,齐鲁工业大学,理工,[],山东,192.6,,,,,,,,,,
150,151,13.0,曲阜师范大学,师范,[],山东,189.8,,,,,,,,,,
151,152,-1.0,武汉工程大学,理工,[],湖北,188.6,,,,,,,,,,
152,153,7.0,湖南农业大学,农业,[],湖南,187.9,,,,,,,,,,
153,154,-4.0,天津工业大学,理工,['一流学科'],天津,187.4,,,,,,,,,,
154,155,14.0,安徽农业大学,农业,[],安徽,187.0,,,,,,,,,,
155,156,-14.0,江苏科技大学,理工,[],江苏,186.8,,,,,,,,,,
156,157,2.0,浙江农林大学,林业,[],浙江,186.0,,,,,,,,,,
157,158,4.0,北方工业大学,理工,[],北京,185.7,,,,,,,,,,
158,159,-8.0,广西师范大学,师范,[],广西,184.7,,,,,,,,,,
159,160,26.0,吉林农业大学,农业,[],吉林,184.4,,,,,,,,,,
160,161,11.0,青岛科技大学,理工,[],山东,183.8,,,,,,,,,,
161,162,-21.0,四川农业大学,农业,"['一流学科', '211']",四川,183.3,,,,,,,,,,
162,162,1.0,西北师范大学,师范,[],甘肃,183.3,,,,,,,,,,
163,164,-18.0,南通大学,综合,[],江苏,183.1,,,,,,,,,,
164,165,-1.0,石河子大学,综合,"['一流学科', '211']",新疆,182.8,,,,,,,,,,
165,166,-12.0,上海海洋大学,农业,['一流学科'],上海,182.5,,,,,,,,,,
166,167,-10.0,三峡大学,综合,[],湖北,179.8,,,,,,,,,,
167,168,2.0,安徽工业大学,理工,[],安徽,178.6,,,,,,,,,,
168,169,38.0,河南理工大学,理工,[],河南,177.7,,,,,,,,,,
169,170,14.0,宁夏大学,综合,"['一流学科', '211']",宁夏,176.4,,,,,,,,,,
170,171,20.0,西安科技大学,理工,[],陕西,175.0,,,,,,,,,,
171,172,-25.0,上海海事大学,理工,[],上海,174.6,,,,,,,,,,
172,173,-17.0,成都理工大学,理工,['一流学科'],四川,174.2,,,,,,,,,,
173,174,32.0,南昌航空大学,理工,[],江西,173.7,,,,,,,,,,
174,175,1.0,长春理工大学,理工,[],吉林,172.7,,,,,,,,,,
175,176,-36.0,辽宁师范大学,师范,[],辽宁,172.5,,,,,,,,,,
176,177,25.0,西南科技大学,理工,[],四川,172.1,,,,,,,,,,
177,178,-3.0,河北农业大学,农业,[],河北,171.9,,,,,,,,,,
178,179,1.0,中北大学,理工,[],山西,171.7,,,,,,,,,,
179,180,68.0,青海大学,综合,"['一流学科', '211']",青海,171.6,,,,,,,,,,
180,181,62.0,集美大学,综合,[],福建,170.7,,,,,,,,,,
181,182,-3.0,武汉纺织大学,理工,[],湖北,170.4,,,,,,,,,,
182,183,-7.0,天津理工大学,理工,[],天津,170.3,,,,,,,,,,
183,184,-13.0,四川师范大学,师范,[],四川,170.1,,,,,,,,,,
184,185,-18.0,云南师范大学,师范,[],云南,169.6,,,,,,,,,,
185,185,6.0,浙江海洋大学,农业,[],浙江,169.6,,,,,,,,,,
186,187,-2.0,天津科技大学,理工,[],天津,169.5,,,,,,,,,,
187,188,-15.0,湖南科技大学,综合,[],湖南,169.4,,,,,,,,,,
188,189,-15.0,重庆交通大学,理工,[],重庆,169.1,,,,,,,,,,
189,190,0.0,长江大学,综合,[],湖北,168.4,,,,,,,,,,
190,191,21.0,兰州理工大学,理工,[],甘肃,168.1,,,,,,,,,,
191,191,59.0,山东理工大学,理工,[],山东,168.1,,,,,,,,,,
192,193,20.0,安徽理工大学,理工,[],安徽,167.0,,,,,,,,,,
193,193,27.0,烟台大学,综合,[],山东,167.0,,,,,,,,,,
194,195,9.0,大连工业大学,理工,[],辽宁,165.9,,,,,,,,,,
195,196,0.0,哈尔滨理工大学,理工,[],黑龙江,165.5,,,,,,,,,,
196,196,4.0,沈阳师范大学,师范,[],辽宁,165.5,,,,,,,,,,
197,198,0.0,延边大学,综合,"['一流学科', '211']",吉林,165.4,,,,,,,,,,
198,199,39.0,内蒙古农业大学,农业,[],内蒙古,165.3,,,,,,,,,,
199,200,-22.0,河南科技大学,综合,[],河南,164.9,,,,,,,,,,
200,201,7.0,南华大学,综合,[],湖南,164.1,,,,,,,,,,
201,202,-9.0,哈尔滨师范大学,师范,[],黑龙江,164.0,,,,,,,,,,
202,203,-35.0,石家庄铁道大学,理工,[],河北,163.5,,,,,,,,,,
203,204,-22.0,北京信息科技大学,理工,[],北京,163.4,,,,,,,,,,
204,205,-19.0,沈阳建筑大学,理工,[],辽宁,162.5,,,,,,,,,,
205,206,39.0,青岛农业大学,农业,[],山东,162.4,,,,,,,,,,
206,207,-9.0,上海工程技术大学,理工,[],上海,161.7,,,,,,,,,,
207,208,-14.0,河南工业大学,理工,[],河南,161.4,,,,,,,,,,
208,209,44.0,江西理工大学,理工,[],江西,161.1,,,,,,,,,,
209,210,-8.0,中南林业科技大学,林业,[],湖南,160.8,,,,,,,,,,
210,211,16.0,北京农学院,农业,[],北京,160.7,,,,,,,,,,
211,212,-7.0,重庆师范大学,师范,[],重庆,160.6,,,,,,,,,,
212,213,7.0,江西农业大学,农业,[],江西,160.5,,,,,,,,,,
213,213,21.0,兰州交通大学,理工,[],甘肃,160.5,,,,,,,,,,
214,215,10.0,西藏大学,综合,"['一流学科', '211']",西藏,159.7,,,,,,,,,,
215,216,19.0,沈阳工业大学,理工,[],辽宁,159.6,,,,,,,,,,
216,217,-20.0,华东交通大学,理工,[],江西,159.4,,,,,,,,,,
217,218,-24.0,沈阳航空航天大学,理工,[],辽宁,159.2,,,,,,,,,,
218,219,13.0,西安邮电大学,理工,[],陕西,158.9,,,,,,,,,,
219,220,20.0,东华理工大学,理工,[],江西,158.7,,,,,,,,,,
220,221,-5.0,东北电力大学,理工,[],吉林,158.6,,,,,,,,,,
221,222,-33.0,上海电力大学,理工,[],上海,157.9,,,,,,,,,,
222,223,9.0,鲁东大学,综合,[],山东,157.3,,,,,,,,,,
223,224,-66.0,国际关系学院,综合,[],北京,157.2,,,,,,,,,,
224,225,-12.0,大连大学,综合,[],辽宁,156.9,,,,,,,,,,
225,226,-40.0,苏州科技大学,理工,[],江苏,156.4,,,,,,,,,,
226,227,-27.0,河北科技大学,理工,[],河北,155.9,,,,,,,,,,
227,228,-18.0,渤海大学,综合,[],辽宁,155.8,,,,,,,,,,
228,229,-18.0,华北理工大学,综合,[],河北,155.5,,,,,,,,,,
229,230,58.0,甘肃农业大学,农业,[],甘肃,155.4,,,,,,,,,,
230,231,30.0,北京印刷学院,理工,[],北京,154.1,,,,,,,,,,
231,232,-23.0,重庆理工大学,理工,[],重庆,153.3,,,,,,,,,,
232,232,25.0,西安石油大学,理工,[],陕西,153.3,,,,,,,,,,
233,234,-19.0,海南师范大学,师范,[],海南,152.8,,,,,,,,,,
234,235,-4.0,上海应用技术大学,理工,[],上海,151.6,,,,,,,,,,
235,236,-14.0,桂林电子科技大学,理工,[],广西,151.2,,,,,,,,,,
236,237,45.0,聊城大学,综合,[],山东,150.8,,,,,,,,,,
237,237,-13.0,郑州轻工业大学,理工,[],河南,150.8,,,,,,,,,,
238,239,-14.0,武汉轻工大学,理工,[],湖北,150.0,,,,,,,,,,
239,240,12.0,安徽建筑大学,理工,[],安徽,149.9,,,,,,,,,,
240,240,-4.0,东北石油大学,理工,[],黑龙江,149.9,,,,,,,,,,
241,242,-23.0,成都信息工程大学,理工,[],四川,149.2,,,,,,,,,,
242,243,-20.0,东莞理工学院,理工,[],广东,149.0,,,,,,,,,,
243,244,-26.0,大连交通大学,理工,[],辽宁,148.1,,,,,,,,,,
244,245,-6.0,山东建筑大学,理工,[],山东,147.5,,,,,,,,,,
245,246,1.0,西华师范大学,师范,[],四川,147.4,,,,,,,,,,
246,247,11.0,西安工程大学,理工,[],陕西,147.2,,,,,,,,,,
247,248,-2.0,贵州师范大学,师范,[],贵州,146.7,,,,,,,,,,
248,249,17.0,成都大学,综合,[],四川,146.3,,,,,,,,,,
249,250,13.0,西安工业大学,理工,[],陕西,145.9,,,,,,,,,,
250,251,,浙大宁波理工学院,理工,[],浙江,145.1,,,,,,,,,,
251,252,-24.0,佛山科学技术学院,理工,[],广东,144.6,,,,,,,,,,
252,253,38.0,山西农业大学,农业,[],山西,143.8,,,,,,,,,,
253,254,-3.0,青岛理工大学,理工,[],山东,143.6,,,,,,,,,,
254,255,-14.0,华北水利水电大学,理工,[],河南,143.5,,,,,,,,,,
255,256,-27.0,厦门理工学院,理工,[],福建,143.2,,,,,,,,,,
256,257,-28.0,北京电子科技学院,理工,[],北京,142.9,,,,,,,,,,
257,258,10.0,南京工程学院,理工,[],江苏,142.7,,,,,,,,,,
258,259,4.0,北京联合大学,综合,[],北京,142.2,,,,,,,,,,
259,260,23.0,长春工业大学,理工,[],吉林,141.6,,,,,,,,,,
260,261,9.0,辽宁工程技术大学,理工,[],辽宁,141.3,,,,,,,,,,
261,262,3.0,湖州师范学院,师范,[],浙江,141.1,,,,,,,,,,
262,263,-26.0,江汉大学,综合,[],湖北,140.5,,,,,,,,,,
263,264,25.0,辽宁石油化工大学,理工,[],辽宁,140.2,,,,,,,,,,
264,265,77.0,青海师范大学,师范,[],青海,140.1,,,,,,,,,,
265,266,5.0,吉林师范大学,师范,[],吉林,139.9,,,,,,,,,,
266,267,2.0,北京石油化工学院,理工,[],北京,139.7,,,,,,,,,,
267,267,13.0,内蒙古师范大学,师范,[],内蒙古,139.7,,,,,,,,,,
268,269,-52.0,中国民航大学,理工,[],天津,139.1,,,,,,,,,,
269,270,-21.0,辽宁工业大学,理工,[],辽宁,138.7,,,,,,,,,,
270,271,-12.0,湖南工业大学,理工,[],湖南,138.6,,,,,,,,,,
271,272,44.0,延安大学,综合,[],陕西,138.5,,,,,,,,,,
272,273,-18.0,西华大学,综合,[],四川,138.2,,,,,,,,,,
273,274,-32.0,桂林理工大学,理工,[],广西,138.0,,,,,,,,,,
274,275,1.0,河北工程大学,理工,[],河北,137.0,,,,,,,,,,
275,275,-32.0,沈阳化工大学,理工,[],辽宁,137.0,,,,,,,,,,
276,277,-4.0,绍兴文理学院,师范,[],浙江,136.8,,,,,,,,,,
277,278,9.0,安徽工程大学,理工,[],安徽,136.6,,,,,,,,,,
278,279,13.0,浙江科技学院,理工,[],浙江,135.9,,,,,,,,,,
279,280,26.0,盐城工学院,理工,[],江苏,135.0,,,,,,,,,,
280,281,18.0,盐城师范学院,师范,[],江苏,134.8,,,,,,,,,,
281,282,-26.0,山西师范大学,师范,[],山西,134.5,,,,,,,,,,
282,283,11.0,赣南师范大学,师范,[],江西,133.9,,,,,,,,,,
283,284,1.0,大连海洋大学,农业,[],辽宁,133.7,,,,,,,,,,
284,285,-25.0,内蒙古工业大学,理工,[],内蒙古,133.6,,,,,,,,,,
285,286,19.0,淮阴师范学院,师范,[],江苏,133.3,,,,,,,,,,
286,287,-33.0,信阳师范学院,师范,[],河南,133.1,,,,,,,,,,
287,288,8.0,安庆师范大学,师范,[],安徽,132.9,,,,,,,,,,
288,289,-14.0,合肥学院,理工,[],安徽,132.8,,,,,,,,,,
289,290,-9.0,云南农业大学,农业,[],云南,132.6,,,,,,,,,,
290,291,-15.0,辽宁科技大学,理工,[],辽宁,132.5,,,,,,,,,,
291,292,-18.0,南宁师范大学,师范,[],广西,132.3,,,,,,,,,,
292,293,-15.0,沈阳理工大学,理工,[],辽宁,132.2,,,,,,,,,,
293,294,24.0,内蒙古民族大学,综合,[],内蒙古,131.3,,,,,,,,,,
294,295,-33.0,新疆师范大学,师范,[],新疆,131.2,,,,,,,,,,
295,296,-18.0,湖北师范大学,师范,[],湖北,130.8,,,,,,,,,,
296,297,5.0,重庆科技学院,理工,[],重庆,130.6,,,,,,,,,,
297,297,25.0,淮阴工学院,理工,[],江苏,130.6,,,,,,,,,,
298,297,41.0,吉林建筑大学,理工,[],吉林,130.6,,,,,,,,,,
299,300,-14.0,中原工学院,理工,[],河南,130.4,,,,,,,,,,
300,301,26.0,北华大学,综合,[],吉林,130.2,,,,,,,,,,
301,301,2.0,嘉兴学院,综合,[],浙江,130.2,,,,,,,,,,
302,303,34.0,临沂大学,综合,[],山东,129.8,,,,,,,,,,
303,304,-37.0,吉首大学,综合,[],湖南,129.7,,,,,,,,,,
304,305,-15.0,景德镇陶瓷大学,理工,[],江西,129.5,,,,,,,,,,
305,306,-11.0,广东技术师范大学,师范,[],广东,129.3,,,,,,,,,,
306,307,-7.0,淮北师范大学,师范,[],安徽,128.7,,,,,,,,,,
307,308,1.0,广东海洋大学,农业,[],广东,128.6,,,,,,,,,,
308,309,22.0,长江师范学院,师范,[],重庆,128.4,,,,,,,,,,
309,309,-12.0,宁波工程学院,理工,[],浙江,128.4,,,,,,,,,,
310,311,-39.0,上海海关学院,综合,[],上海,128.0,,,,,,,,,,
311,312,2.0,黑龙江八一农垦大学,农业,[],黑龙江,127.8,,,,,,,,,,
312,313,9.0,江西科技师范大学,师范,[],江西,127.0,,,,,,,,,,
313,314,30.0,安阳师范学院,师范,[],河南,125.9,,,,,,,,,,
314,314,-10.0,西南林业大学,林业,[],云南,125.9,,,,,,,,,,
315,316,-32.0,新疆农业大学,农业,[],新疆,125.5,,,,,,,,,,
316,317,-9.0,常熟理工学院,综合,[],江苏,125.2,,,,,,,,,,
317,318,6.0,闽南师范大学,师范,[],福建,124.9,,,,,,,,,,
318,318,-26.0,天津城建大学,理工,[],天津,124.9,,,,,,,,,,
319,320,-9.0,福建工程学院,理工,[],福建,124.7,,,,,,,,,,
320,321,-20.0,沈阳大学,综合,[],辽宁,124.5,,,,,,,,,,
321,322,-15.0,五邑大学,综合,[],广东,124.4,,,,,,,,,,
322,323,-9.0,内蒙古科技大学,综合,[],内蒙古,124.2,,,,,,,,,,
323,324,-27.0,江苏理工学院,理工,[],江苏,123.5,,,,,,,,,,
324,325,-15.0,上海第二工业大学,理工,[],上海,123.4,,,,,,,,,,
325,326,,浙大城市学院,理工,[],浙江,123.0,,,,,,,,,,
326,327,2.0,太原科技大学,理工,[],山西,122.7,,,,,,,,,,
327,328,25.0,岭南师范学院,师范,[],广东,122.6,,,,,,,,,,
328,329,-12.0,天津农学院,农业,[],天津,122.2,,,,,,,,,,
329,330,16.0,塔里木大学,综合,[],新疆,121.5,,,,,,,,,,
330,331,1.0,南京晓庄学院,师范,[],江苏,121.3,,,,,,,,,,
331,332,-20.0,大理大学,综合,[],云南,120.9,,,,,,,,,,
332,332,20.0,井冈山大学,综合,[],江西,120.9,,,,,,,,,,
333,334,-13.0,湖南理工学院,理工,[],湖南,120.8,,,,,,,,,,
334,334,-10.0,江苏海洋大学,理工,[],江苏,120.8,,,,,,,,,,
335,336,-2.0,台州学院,综合,[],浙江,120.6,,,,,,,,,,
336,337,-17.0,闽江学院,理工,[],福建,120.4,,,,,,,,,,
337,338,31.0,黄冈师范学院,师范,[],湖北,120.0,,,,,,,,,,
338,339,-4.0,重庆文理学院,综合,[],重庆,119.9,,,,,,,,,,
339,339,4.0,浙江万里学院,理工,[],浙江,119.9,,,,,,,,,,
340,341,-1.0,齐齐哈尔大学,综合,[],黑龙江,119.7,,,,,,,,,,
341,341,-28.0,四川轻化工大学,理工,[],四川,119.7,,,,,,,,,,
342,343,-13.0,南昌工程学院,理工,[],江西,119.6,,,,,,,,,,
343,344,-26.0,天津职业技术师范大学,师范,[],天津,119.4,,,,,,,,,,
344,345,14.0,上海电机学院,理工,[],上海,119.1,,,,,,,,,,
345,346,-13.0,湖北科技学院,综合,[],湖北,119.0,,,,,,,,,,
346,347,43.0,陕西理工大学,理工,[],陕西,118.8,,,,,,,,,,
347,348,57.0,内江师范学院,师范,[],四川,118.5,,,,,,,,,,
348,349,-3.0,合肥师范学院,师范,[],安徽,118.4,,,,,,,,,,
349,350,27.0,阜阳师范大学,师范,[],安徽,116.6,,,,,,,,,,
350,351,9.0,南阳师范学院,师范,[],河南,116.4,,,,,,,,,,
351,352,3.0,贵州师范学院,师范,[],贵州,116.2,,,,,,,,,,
352,353,-7.0,徐州工程学院,理工,[],江苏,115.8,,,,,,,,,,
353,354,3.0,洛阳师范学院,师范,[],河南,115.4,,,,,,,,,,
354,354,-26.0,仲恺农业工程学院,农业,[],广东,115.4,,,,,,,,,,
355,356,20.0,长春师范大学,师范,[],吉林,115.2,,,,,,,,,,
356,357,-19.0,湖北文理学院,综合,[],湖北,114.8,,,,,,,,,,
357,358,39.0,宝鸡文理学院,师范,[],陕西,114.5,,,,,,,,,,
358,359,41.0,安徽科技学院,师范,[],安徽,114.2,,,,,,,,,,
359,360,-14.0,长沙学院,理工,[],湖南,114.0,,,,,,,,,,
360,361,7.0,衡阳师范学院,师范,[],湖南,113.8,,,,,,,,,,
361,362,,无锡学院,综合,[],江苏,113.3,,,,,,,,,,
362,363,98.0,滨州学院,师范,[],山东,113.1,,,,,,,,,,
363,364,-9.0,长春大学,综合,[],吉林,112.8,,,,,,,,,,
364,365,-39.0,黑龙江科技大学,理工,[],黑龙江,112.6,,,,,,,,,,
365,365,31.0,泉州师范学院,师范,[],福建,112.6,,,,,,,,,,
366,367,-26.0,河北科技师范学院,师范,[],河北,112.0,,,,,,,,,,
367,368,-14.0,广西科技大学,理工,[],广西,111.8,,,,,,,,,,
368,369,-24.0,江苏第二师范学院,师范,[],江苏,111.5,,,,,,,,,,
369,370,-8.0,西藏农牧学院,农业,[],西藏,111.1,,,,,,,,,,
370,371,32.0,贵州理工学院,理工,[],贵州,111.0,,,,,,,,,,
371,371,130.0,咸阳师范学院,师范,[],陕西,111.0,,,,,,,,,,
372,373,19.0,九江学院,综合,[],江西,110.8,,,,,,,,,,
373,374,18.0,绵阳师范学院,师范,[],四川,110.6,,,,,,,,,,
374,375,-8.0,湖北汽车工业学院,理工,[],湖北,110.5,,,,,,,,,,
375,376,-25.0,常州工学院,理工,[],江苏,109.7,,,,,,,,,,
376,377,-41.0,金陵科技学院,综合,[],江苏,109.6,,,,,,,,,,
377,378,9.0,黑龙江工程学院,理工,[],黑龙江,109.4,,,,,,,,,,
378,378,-1.0,乐山师范学院,师范,[],四川,109.4,,,,,,,,,,
379,380,61.0,潍坊学院,综合,[],山东,109.2,,,,,,,,,,
380,381,-23.0,佳木斯大学,综合,[],黑龙江,108.8,,,,,,,,,,
381,382,10.0,唐山师范学院,师范,[],河北,108.5,,,,,,,,,,
382,383,55.0,山东交通学院,理工,[],山东,108.4,,,,,,,,,,
383,384,-18.0,广东石油化工学院,综合,[],广东,107.6,,,,,,,,,,
384,384,-23.0,河北建筑工程学院,理工,[],河北,107.6,,,,,,,,,,
385,386,-5.0,湖北工程学院,综合,[],湖北,107.4,,,,,,,,,,
386,387,-24.0,惠州学院,综合,[],广东,107.3,,,,,,,,,,
387,388,-2.0,成都工业学院,理工,[],四川,107.1,,,,,,,,,,
388,388,-19.0,丽水学院,师范,[],浙江,107.1,,,,,,,,,,
389,390,52.0,黄淮学院,师范,[],河南,106.8,,,,,,,,,,
390,391,14.0,许昌学院,理工,[],河南,106.7,,,,,,,,,,
391,392,-28.0,北华航天工业学院,理工,[],河北,106.6,,,,,,,,,,
392,393,-43.0,湖北第二师范学院,师范,[],湖北,106.5,,,,,,,,,,
393,394,-22.0,湖南第一师范学院,师范,[],湖南,106.2,,,,,,,,,,
394,395,6.0,湖南文理学院,综合,[],湖南,105.9,,,,,,,,,,
395,396,26.0,周口师范学院,师范,[],河南,105.7,,,,,,,,,,
396,397,53.0,成都师范学院,师范,[],四川,105.5,,,,,,,,,,
397,397,-22.0,重庆三峡学院,综合,[],重庆,105.5,,,,,,,,,,
398,397,-13.0,铜仁学院,综合,[],贵州,105.5,,,,,,,,,,
399,400,37.0,遵义师范学院,师范,[],贵州,105.4,,,,,,,,,,
400,401,45.0,上饶师范学院,师范,[],江西,105.0,,,,,,,,,,
401,402,8.0,商丘师范学院,师范,[],河南,104.8,,,,,,,,,,
402,403,10.0,宜春学院,综合,[],江西,104.7,,,,,,,,,,
403,403,13.0,浙江水利水电学院,理工,[],浙江,104.7,,,,,,,,,,
404,405,2.0,滁州学院,师范,[],安徽,104.6,,,,,,,,,,
405,406,13.0,吉林化工学院,理工,[],吉林,104.4,,,,,,,,,,
406,407,26.0,德州学院,综合,[],山东,104.1,,,,,,,,,,
407,408,-34.0,肇庆学院,综合,[],广东,104.0,,,,,,,,,,
408,409,71.0,泰山学院,综合,[],山东,103.5,,,,,,,,,,
409,410,-45.0,广东第二师范学院,师范,[],广东,103.2,,,,,,,,,,
410,411,-27.0,沈阳工程学院,理工,[],辽宁,102.7,,,,,,,,,,
411,412,99.0,榆林学院,师范,[],陕西,102.3,,,,,,,,,,
412,413,27.0,长春工程学院,理工,[],吉林,102.2,,,,,,,,,,
413,414,-43.0,洛阳理工学院,综合,[],河南,102.0,,,,,,,,,,
414,415,-12.0,韩山师范学院,师范,[],广东,101.3,,,,,,,,,,
415,416,,河北科技工程职业技术大学,理工,[],河北,101.2,,,,,,,,,,
416,416,104.0,天水师范学院,师范,[],甘肃,101.2,,,,,,,,,,
417,418,-46.0,北部湾大学,综合,[],广西,101.1,,,,,,,,,,
418,418,64.0,西安文理学院,师范,[],陕西,101.1,,,,,,,,,,
419,420,76.0,齐鲁师范学院,师范,[],山东,100.9,,,,,,,,,,
420,420,34.0,皖西学院,师范,[],安徽,100.9,,,,,,,,,,
421,422,22.0,哈尔滨学院,综合,[],黑龙江,100.6,,,,,,,,,,
422,423,-10.0,湖南城市学院,综合,[],湖南,100.3,,,,,,,,,,
423,423,61.0,通化师范学院,师范,[],吉林,100.3,,,,,,,,,,
424,425,-38.0,防灾科技学院,理工,[],河北,100.0,,,,,,,,,,
425,426,10.0,宜宾学院,综合,[],四川,99.9,,,,,,,,,,
426,427,,河北工业职业技术大学,理工,[],河北,99.5,,,,,,,,,,
427,428,83.0,兰州城市学院,综合,[],甘肃,99.4,,,,,,,,,,
428,429,-46.0,河南科技学院,师范,[],河南,99.2,,,,,,,,,,
429,430,38.0,宁夏师范学院,师范,[],宁夏,99.0,,,,,,,,,,
430,430,-43.0,曲靖师范学院,师范,[],云南,99.0,,,,,,,,,,
431,432,61.0,渭南师范学院,师范,[],陕西,98.9,,,,,,,,,,
432,433,-43.0,玉林师范学院,师范,[],广西,98.8,,,,,,,,,,
433,434,,南京特殊教育师范学院,师范,[],江苏,98.4,,,,,,,,,,
434,435,-40.0,华北科技学院,理工,[],河北,98.2,,,,,,,,,,
435,436,2.0,唐山学院,理工,[],河北,98.0,,,,,,,,,,
436,437,-26.0,韶关学院,综合,[],广东,97.9,,,,,,,,,,
437,438,76.0,河西学院,综合,[],甘肃,97.6,,,,,,,,,,
438,438,21.0,黄山学院,师范,[],安徽,97.6,,,,,,,,,,
439,440,-59.0,中国民用航空飞行学院,理工,[],四川,97.3,,,,,,,,,,
440,441,-39.0,湖南工程学院,理工,[],湖南,97.2,,,,,,,,,,
441,442,-12.0,三明学院,综合,[],福建,96.8,,,,,,,,,,
442,443,-27.0,泰州学院,师范,[],江苏,96.7,,,,,,,,,,
443,444,-65.0,湖北理工学院,理工,[],湖北,96.5,,,,,,,,,,
444,444,-64.0,石家庄学院,师范,[],河北,96.5,,,,,,,,,,
445,446,-37.0,莆田学院,综合,[],福建,96.3,,,,,,,,,,
446,447,-28.0,龙岩学院,综合,[],福建,96.2,,,,,,,,,,
447,448,15.0,内蒙古科技大学包头师范学院,综合,[],内蒙古,96.1,,,,,,,,,,
448,449,-17.0,安顺学院,综合,[],贵州,95.8,,,,,,,,,,
449,449,20.0,南昌师范学院,师范,[],江西,95.8,,,,,,,,,,
450,451,8.0,四川文理学院,综合,[],四川,95.5,,,,,,,,,,
451,452,-25.0,廊坊师范学院,师范,[],河北,95.2,,,,,,,,,,
452,452,-25.0,玉溪师范学院,师范,[],云南,95.2,,,,,,,,,,
453,454,-20.0,河南城建学院,理工,[],河南,95.1,,,,,,,,,,
454,455,-57.0,重庆第二师范学院,师范,[],重庆,95.0,,,,,,,,,,
455,456,16.0,西昌学院,综合,[],四川,94.9,,,,,,,,,,
456,457,-49.0,凯里学院,综合,[],贵州,94.8,,,,,,,,,,
457,457,-23.0,牡丹江师范学院,师范,[],黑龙江,94.8,,,,,,,,,,
458,459,-5.0,四川旅游学院,综合,[],四川,94.6,,,,,,,,,,
459,460,-62.0,郑州师范学院,师范,[],河南,94.4,,,,,,,,,,
460,461,27.0,大庆师范学院,综合,[],黑龙江,94.3,,,,,,,,,,
461,461,-49.0,攀枝花学院,综合,[],四川,94.3,,,,,,,,,,
462,463,-40.0,昆明学院,综合,[],云南,94.2,,,,,,,,,,
463,464,-49.0,衢州学院,理工,[],浙江,94.1,,,,,,,,,,
464,465,35.0,白城师范学院,师范,[],吉林,93.6,,,,,,,,,,
465,465,2.0,吉林工程技术师范学院,师范,[],吉林,93.6,,,,,,,,,,
466,467,12.0,淮南师范学院,师范,[],安徽,93.5,,,,,,,,,,
467,467,,湖州学院,师范,[],浙江,93.5,,,,,,,,,,
468,467,-24.0,嘉应学院,综合,[],广东,93.5,,,,,,,,,,
469,467,-42.0,南阳理工学院,理工,[],河南,93.5,,,,,,,,,,
470,467,-40.0,营口理工学院,理工,[],辽宁,93.5,,,,,,,,,,
471,472,45.0,商洛学院,综合,[],陕西,93.4,,,,,,,,,,
472,473,60.0,陇东学院,师范,[],甘肃,92.4,,,,,,,,,,
473,474,-44.0,保定学院,师范,[],河北,92.3,,,,,,,,,,
474,474,,苏州城市学院,综合,[],江苏,92.3,,,,,,,,,,
475,476,54.0,安康学院,综合,[],陕西,92.2,,,,,,,,,,
476,477,-23.0,湖南科技学院,综合,[],湖南,91.7,,,,,,,,,,
477,477,81.0,山东管理学院,综合,[],山东,91.7,,,,,,,,,,
478,479,-61.0,贵阳学院,综合,[],贵州,91.5,,,,,,,,,,
479,480,-32.0,辽宁科技学院,理工,[],辽宁,91.4,,,,,,,,,,
480,481,-36.0,武夷学院,综合,[],福建,91.3,,,,,,,,,,
481,482,-58.0,鞍山师范学院,师范,[],辽宁,91.2,,,,,,,,,,
482,483,9.0,湘南学院,理工,[],湖南,91.1,,,,,,,,,,
483,484,-7.0,六盘水师范学院,师范,[],贵州,90.9,,,,,,,,,,
484,485,17.0,河南牧业经济学院,农业,[],河南,90.7,,,,,,,,,,
485,485,1.0,平顶山学院,师范,[],河南,90.7,,,,,,,,,,
486,487,11.0,贺州学院,综合,[],广西,90.6,,,,,,,,,,
487,487,50.0,兰州工业学院,理工,[],甘肃,90.6,,,,,,,,,,
488,489,-25.0,宁德师范学院,师范,[],福建,90.5,,,,,,,,,,
489,490,-12.0,池州学院,师范,[],安徽,90.4,,,,,,,,,,
490,491,-30.0,黔南民族师范学院,师范,[],贵州,90.2,,,,,,,,,,
491,491,-72.0,太原师范学院,师范,[],山西,90.2,,,,,,,,,,
492,493,-5.0,宿州学院,师范,[],安徽,90.1,,,,,,,,,,
493,494,,山东石油化工学院,理工,[],山东,89.8,,,,,,,,,,
494,495,-26.0,海南热带海洋学院,综合,[],海南,89.7,,,,,,,,,,
495,496,3.0,黑河学院,综合,[],黑龙江,89.4,,,,,,,,,,
496,496,26.0,吉林农业科技学院,农业,[],吉林,89.4,,,,,,,,,,
497,496,-48.0,辽东学院,综合,[],辽宁,89.4,,,,,,,,,,
498,496,-70.0,山西大同大学,综合,[],山西,89.4,,,,,,,,,,
499,496,68.0,西安航空学院,理工,[],陕西,89.4,,,,,,,,,,
500,501,39.0,陕西学前师范学院,师范,[],陕西,89.3,,,,,,,,,,
501,501,7.0,四川民族学院,师范,[],四川,89.3,,,,,,,,,,
502,503,60.0,山东农业工程学院,综合,[],山东,88.8,,,,,,,,,,
503,504,-14.0,蚌埠学院,理工,[],安徽,88.3,,,,,,,,,,
504,505,-2.0,怀化学院,综合,[],湖南,87.9,,,,,,,,,,
505,506,13.0,新余学院,综合,[],江西,87.8,,,,,,,,,,
506,507,-22.0,邵阳学院,理工,[],湖南,87.7,,,,,,,,,,
507,508,-43.0,楚雄师范学院,师范,[],云南,87.4,,,,,,,,,,
508,508,-15.0,河南工程学院,理工,[],河南,87.4,,,,,,,,,,
509,510,28.0,济宁学院,师范,[],山东,87.3,,,,,,,,,,
510,511,-16.0,喀什大学,师范,[],新疆,87.2,,,,,,,,,,
511,512,44.0,兰州文理学院,综合,[],甘肃,86.9,,,,,,,,,,
512,513,-56.0,赤峰学院,综合,[],内蒙古,86.8,,,,,,,,,,
513,513,33.0,汉江师范学院,师范,[],湖北,86.8,,,,,,,,,,
514,515,-42.0,伊犁师范大学,师范,[],新疆,86.7,,,,,,,,,,
515,516,-41.0,贵州工程应用技术学院,师范,[],贵州,86.5,,,,,,,,,,
516,517,-67.0,邢台学院,师范,[],河北,86.4,,,,,,,,,,
517,518,-66.0,邯郸学院,师范,[],河北,86.2,,,,,,,,,,
518,518,-27.0,衡水学院,师范,[],河北,86.2,,,,,,,,,,
519,520,8.0,晋中学院,师范,[],山西,86.1,,,,,,,,,,
520,521,-38.0,梧州学院,综合,[],广西,86.0,,,,,,,,,,
521,522,25.0,菏泽学院,综合,[],山东,85.8,,,,,,,,,,
522,522,-65.0,红河学院,综合,[],云南,85.8,,,,,,,,,,
523,524,38.0,甘肃民族师范学院,师范,[],甘肃,85.7,,,,,,,,,,
524,525,-72.0,呼伦贝尔学院,综合,[],内蒙古,85.6,,,,,,,,,,
525,526,14.0,山东女子学院,综合,[],山东,85.4,,,,,,,,,,
526,527,-9.0,湖南人文科技学院,师范,[],湖南,84.8,,,,,,,,,,
527,528,-48.0,广州航海学院,理工,[],广东,84.6,,,,,,,,,,
528,528,-82.0,新乡学院,理工,[],河南,84.6,,,,,,,,,,
529,530,-20.0,百色学院,综合,[],广西,84.2,,,,,,,,,,
530,531,-56.0,沧州师范学院,师范,[],河北,83.9,,,,,,,,,,
531,532,2.0,景德镇学院,综合,[],江西,83.6,,,,,,,,,,
532,533,21.0,福建技术师范学院,师范,[],福建,83.4,,,,,,,,,,
533,533,,赣南科技学院,理工,[],江西,83.4,,,,,,,,,,
534,533,-60.0,广西民族师范学院,师范,[],广西,83.4,,,,,,,,,,
535,533,-46.0,荆楚理工学院,理工,[],湖北,83.4,,,,,,,,,,
536,537,-32.0,安阳工学院,理工,[],河南,83.2,,,,,,,,,,
537,538,,阿坝师范学院,师范,[],四川,82.8,,,,,,,,,,
538,538,-72.0,信阳农林学院,农业,[],河南,82.8,,,,,,,,,,
539,540,-44.0,巢湖学院,师范,[],安徽,82.6,,,,,,,,,,
540,541,-72.0,河北民族师范学院,师范,[],河北,82.5,,,,,,,,,,
541,542,-35.0,桂林航天工业学院,理工,[],广西,82.3,,,,,,,,,,
542,543,14.0,长治学院,师范,[],山西,82.2,,,,,,,,,,
543,544,-39.0,河池学院,综合,[],广西,81.0,,,,,,,,,,
544,545,-19.0,河北环境工程学院,综合,[],河北,80.9,,,,,,,,,,
545,546,-43.0,张家口学院,综合,[],河北,80.7,,,,,,,,,,
546,547,-38.0,湖南工学院,理工,[],湖南,80.6,,,,,,,,,,
547,548,-4.0,河南工学院,理工,[],河南,80.5,,,,,,,,,,
548,549,-36.0,兴义民族师范学院,师范,[],贵州,80.0,,,,,,,,,,
549,550,-22.0,绥化学院,综合,[],黑龙江,79.8,,,,,,,,,,
550,551,,温州理工学院,师范,[],浙江,79.2,,,,,,,,,,
551,552,-37.0,保山学院,师范,[],云南,79.0,,,,,,,,,,
552,553,-26.0,山东青年政治学院,综合,[],山东,78.9,,,,,,,,,,
553,554,-18.0,长沙师范学院,师范,[],湖南,78.8,,,,,,,,,,
554,555,-32.0,枣庄学院,综合,[],山东,78.1,,,,,,,,,,
555,555,-31.0,郑州工程技术学院,理工,[],河南,78.1,,,,,,,,,,
556,557,-25.0,运城学院,师范,[],山西,77.9,,,,,,,,,,
557,558,-28.0,文山学院,师范,[],云南,76.9,,,,,,,,,,
558,559,0.0,吕梁学院,师范,[],山西,76.3,,,,,,,,,,
559,560,-12.0,新疆工程学院,理工,[],新疆,75.5,,,,,,,,,,
560,561,-37.0,普洱学院,师范,[],云南,75.1,,,,,,,,,,
561,562,-12.0,萍乡学院,综合,[],江西,73.2,,,,,,,,,,
562,563,-4.0,集宁师范学院,师范,[],内蒙古,72.6,,,,,,,,,,
563,564,-29.0,滇西科技师范学院,师范,[],云南,72.2,,,,,,,,,,
564,565,-49.0,太原工业学院,理工,[],山西,71.8,,,,,,,,,,
565,566,-21.0,新疆理工学院,综合,[],新疆,71.7,,,,,,,,,,
566,567,,广西科技师范学院,师范,[],广西,71.5,,,,,,,,,,
567,568,-25.0,昭通学院,师范,[],云南,71.2,,,,,,,,,,
568,569,-48.0,忻州师范学院,师范,[],山西,71.1,,,,,,,,,,
569,570,,河北石油职业技术大学,理工,[],河北,70.7,,,,,,,,,,
570,571,-22.0,昌吉学院,师范,[],新疆,70.1,,,,,,,,,,
571,572,-33.0,琼台师范学院,师范,[],海南,69.8,,,,,,,,,,
572,573,-23.0,鄂尔多斯应用技术学院,综合,[],内蒙古,69.3,,,,,,,,,,
573,574,-19.0,黑龙江工业学院,理工,[],黑龙江,68.2,,,,,,,,,,
574,575,,新疆政法学院,综合,[],新疆,66.9,,,,,,,,,,
575,576,-26.0,山西能源学院,综合,[],山西,64.9,,,,,,,,,,
576,577,,赣东学院,理工,[],江西,64.2,,,,,,,,,,
577,578,-25.0,河套学院,综合,[],内蒙古,64.1,,,,,,,,,,
578,579,-13.0,亳州学院,师范,[],安徽,63.6,,,,,,,,,,
579,580,-38.0,豫章师范学院,师范,[],江西,62.1,,,,,,,,,,
580,581,-20.0,山西工程技术学院,理工,[],山西,61.9,,,,,,,,,,
581,582,-17.0,太原学院,理工,[],山西,58.2,,,,,,,,,,
